{"cameraMode":{"drawMode":0,"name":"Shaded","section":"Shading Mode"},"sceneLighting":false,"audioPlay":false,"sceneViewState":{"showFog":true,"showMaterialUpdate":false,"showSkybox":false,"showFlares":true,"showImageEffects":true,"showParticleSystems":true},"in2DMode":false,"pivot":{"x":1.1727153062820435,"y":0.7058098316192627,"z":-0.8836134672164917},"rotation":{"x":-0.31154879927635195,"y":0.0016863620840013028,"z":-0.0005945642478764057,"w":-0.9502655863761902},"size":6.651362895965576,"orthographic":false}