{"cameraMode":{"drawMode":0,"name":"Shaded","section":"Shading Mode"},"sceneLighting":false,"audioPlay":false,"sceneViewState":{"showFog":true,"showMaterialUpdate":false,"showSkybox":false,"showFlares":true,"showImageEffects":true,"showParticleSystems":true},"in2DMode":false,"pivot":{"x":-0.015708327293395997,"y":1.6552376747131348,"z":-0.07347190380096436},"rotation":{"x":-0.016710273921489717,"y":0.9493449330329895,"z":-0.309672474861145,"w":-0.051333341747522357},"size":7.019186019897461,"orthographic":false}