{"cameraMode":{"drawMode":0,"name":"Shaded","section":"Shading Mode"},"sceneLighting":false,"audioPlay":false,"sceneViewState":{"showFog":true,"showMaterialUpdate":false,"showSkybox":false,"showFlares":true,"showImageEffects":true,"showParticleSystems":true},"in2DMode":false,"pivot":{"x":-0.010944157838821411,"y":0.06055177003145218,"z":-0.0070296525955200199},"rotation":{"x":0.0136891333386302,"y":0.986044704914093,"z":-0.10272528976202011,"w":0.13092203438282014},"size":10.942782402038575,"orthographic":false}