{"cameraMode":{"drawMode":0,"name":"Shaded","section":"Shading Mode"},"sceneLighting":false,"audioPlay":false,"sceneViewState":{"showFog":true,"showMaterialUpdate":false,"showSkybox":false,"showFlares":true,"showImageEffects":true,"showParticleSystems":true},"in2DMode":false,"pivot":{"x":-2.3468024730682375,"y":-2.172436475753784,"z":-6.690354347229004},"rotation":{"x":-0.04015294462442398,"y":0.9592790603637695,"z":-0.21383674442768098,"w":-0.18054161965847016},"size":11.14921760559082,"orthographic":false}