{"cameraMode":{"drawMode":0,"name":"Shaded","section":"Shading Mode"},"sceneLighting":false,"audioPlay":false,"sceneViewState":{"showFog":true,"showMaterialUpdate":false,"showSkybox":false,"showFlares":true,"showImageEffects":true,"showParticleSystems":true},"in2DMode":false,"pivot":{"x":-0.017489299178123475,"y":-0.898078441619873,"z":41.64610290527344},"rotation":{"x":0.3243453800678253,"y":0.008832139894366265,"z":-0.0029299608431756498,"w":0.9459609389305115},"size":4.041658401489258,"orthographic":false}