{"cameraMode":{"drawMode":0,"name":"Shaded","section":"Shading Mode"},"sceneLighting":false,"audioPlay":false,"sceneViewState":{"showFog":true,"showMaterialUpdate":false,"showSkybox":false,"showFlares":true,"showImageEffects":true,"showParticleSystems":true},"in2DMode":false,"pivot":{"x":0.2530840039253235,"y":2.3020410537719728,"z":-0.2475612312555313},"rotation":{"x":-0.27072158455848696,"y":0.15396170318126679,"z":-0.044011808931827548,"w":-0.9493421316146851},"size":0.5715768933296204,"orthographic":false}