{"cameraMode":{"drawMode":0,"name":"Shaded","section":"Shading Mode"},"sceneLighting":false,"audioPlay":false,"sceneViewState":{"showFog":true,"showMaterialUpdate":false,"showSkybox":false,"showFlares":true,"showImageEffects":true,"showParticleSystems":true},"in2DMode":false,"pivot":{"x":-0.025742709636688234,"y":0.040050894021987918,"z":0.04381304979324341},"rotation":{"x":0.0136891333386302,"y":0.986044704914093,"z":-0.10272528976202011,"w":0.13092203438282014},"size":21.408306121826173,"orthographic":false}